Username,Bio,Following Count,Followers Count,Location,Website
whatsapp,Californiabit.ly/WatchPushPushJoined May 2009,5,Not Available,California,https://t.co/ku2ShnylHa
aacb_CBPTrade,Not Available,Not Available,Not Available,Not Available,Not Available
aacbdotcom,Not Available,Not Available,Not Available,Not Available,Not Available
AAWindowPRODUCT,"Malden, MAaawindowproducts.comJoined June 2015",88,Not Available,"Malden, MA",Not Available
aandb_kia,Not Available,Not Available,Not Available,Not Available,Not Available
ABHomeInc,Not Available,Not Available,Not Available,Not Available,Not Available
Abrepro,Not Available,Not Available,Not Available,Not Available,Not Available
ACChristofiLtd,Not Available,Not Available,Not Available,Not Available,Not Available
aeclothing1,Not Available,Not Available,Not Available,Not Available,Not Available
AETechnologies1,Not Available,Not Available,Not Available,Not Available,Not Available
wix,We're everywhere!wix.comJoined June 2007,"3,674",Not Available,We're everywhere!,https://t.co/vzQPGJokOE
AGInsuranceLLC,Connecticutaginsuranceinc.comJoined September 2011,255,Not Available,Not Available,Not Available
